{"ProjectBreakpoints":"{\"Value\":{\"Main-ActionCenter.xaml\":[{\"ConditionalExpression\":null,\"ActionExpression\":null,\"ExpectedHitCounter\":null,\"ShouldContinueAfterAction\":false,\"IsTransient\":false,\"IsEnabled\":true,\"Id\":\"4c299964-a413-4eba-86bf-e8e5dd34db1e\",\"ActivityIdRef\":\"InvokeWorkflowFile_89\",\"ActivityId\":\"1.901\",\"ActivityName\":\"Classification Rules Check\"},{\"ConditionalExpression\":null,\"ActionExpression\":null,\"ExpectedHitCounter\":null,\"ShouldContinueAfterAction\":false,\"IsTransient\":false,\"IsEnabled\":true,\"Id\":\"31b3fb10-b55e-43a5-a17c-d05c44091790\",\"ActivityIdRef\":\"InvokeWorkflowFile_82\",\"ActivityId\":\"1.1485\",\"ActivityName\":\"GetTransactionItem\"}]}}","ProjectWatches":"{\"Value\":[]}","OpenedDocuments":"[\"Main-ActionCenter.xaml\"]","LibraryProjectSettings":"{\"IncludeSourcesByDefault\":true,\"CompileExpressions\":true,\"ReadyToRun\":false,\"DefaultActivitiesRootCategories\":[null]}"}