[{"DocumentKeywordVectors":[{"TotalDocumentLength":362,"PageCount":1,"FirstPageVector":{"VectorId":"PilotLicense.Licemse.License_Details_1.FirstPage","DocumentCount":1,"TermsWithScores":[{"Score":0.74,"Term":"united","LastUpdated":"2022-08-02T00:02:05.5902473+05:30"},{"Score":0.71,"Term":"america","LastUpdated":"2022-08-02T00:02:05.5902477+05:30"},{"Score":0.7,"Term":"xi","LastUpdated":"2022-08-02T00:02:05.5902482+05:30"},{"Score":0.69,"Term":"department","LastUpdated":"2022-08-02T00:02:05.5902465+05:30"},{"Score":0.66,"Term":"usa","LastUpdated":"2022-08-02T00:02:05.5902435+05:30"},{"Score":0.66,"Term":"transportation","LastUpdated":"2022-08-02T00:02:05.590253+05:30"},{"Score":0.63,"Term":"federal","LastUpdated":"2022-08-02T00:02:05.5902445+05:30"},{"Score":0.62,"Term":"aviation","LastUpdated":"2022-08-02T00:02:05.5902525+05:30"},{"Score":0.6,"Term":"administration","LastUpdated":"2022-08-02T00:02:05.5902566+05:30"},{"Score":0.57,"Term":"iv","LastUpdated":"2022-08-02T00:02:05.5902427+05:30"},{"Score":0.56,"Term":"shubham","LastUpdated":"2022-08-02T00:02:05.5902457+05:30"},{"Score":0.54,"Term":"arora","LastUpdated":"2022-08-02T00:02:05.5902449+05:30"},{"Score":0.52,"Term":"address","LastUpdated":"2022-08-02T00:02:05.5902439+05:30"},{"Score":0.51,"Term":"abc","LastUpdated":"2022-08-02T00:02:05.5902551+05:30"},{"Score":0.5,"Term":"colony","LastUpdated":"2022-08-02T00:02:05.5902521+05:30"},{"Score":0.47,"Term":"nationality","LastUpdated":"2022-08-02T00:02:05.5902453+05:30"},{"Score":0.44,"Term":"iva","LastUpdated":"2022-08-02T00:02:05.590257+05:30"},{"Score":0.42,"Term":"septmber","LastUpdated":"2022-08-02T00:02:05.5902413+05:30"},{"Score":0.39,"Term":"ix","LastUpdated":"2022-08-02T00:02:05.5902461+05:30"},{"Score":0.36,"Term":"proper","LastUpdated":"2022-08-02T00:02:05.5902512+05:30"},{"Score":0.3,"Term":"ertificat","LastUpdated":"2022-08-02T00:02:05.5902431+05:30"},{"Score":0.25,"Term":"issue","LastUpdated":"2022-08-02T00:02:05.5902555+05:30"},{"Score":0.24,"Term":"sex","LastUpdated":"2022-08-02T00:02:05.5902469+05:30"},{"Score":0.23,"Term":"height","LastUpdated":"2022-08-02T00:02:05.5902542+05:30"},{"Score":0.22,"Term":"weight","LastUpdated":"2022-08-02T00:02:05.5902558+05:30"},{"Score":0.21,"Term":"hair","LastUpdated":"2022-08-02T00:02:05.5902505+05:30"},{"Score":0.2,"Term":"fy","LastUpdated":"2022-08-02T00:02:05.5902562+05:30"},{"Score":0.17,"Term":"exercise","LastUpdated":"2022-08-02T00:02:05.5902538+05:30"},{"Score":0.16,"Term":"ithe","LastUpdated":"2022-08-02T00:02:05.5902517+05:30"},{"Score":0.15,"Term":"privileges","LastUpdated":"2022-08-02T00:02:05.5902534+05:30"},{"Score":0.1,"Term":"dec","LastUpdated":"2022-08-02T00:02:05.5902546+05:30"}]},"ParentVectorId":"PilotLicense.Licemse.License_Details","VectorId":"PilotLicense.Licemse.License_Details_1","DocumentCount":1,"TermsWithScores":[{"Score":0.74,"Term":"united","LastUpdated":"2022-08-02T00:02:05.590578+05:30"},{"Score":0.71,"Term":"america","LastUpdated":"2022-08-02T00:02:05.5905784+05:30"},{"Score":0.7,"Term":"xi","LastUpdated":"2022-08-02T00:02:05.5905788+05:30"},{"Score":0.69,"Term":"department","LastUpdated":"2022-08-02T00:02:05.5905771+05:30"},{"Score":0.66,"Term":"usa","LastUpdated":"2022-08-02T00:02:05.590574+05:30"},{"Score":0.66,"Term":"transportation","LastUpdated":"2022-08-02T00:02:05.5905814+05:30"},{"Score":0.63,"Term":"federal","LastUpdated":"2022-08-02T00:02:05.590575+05:30"},{"Score":0.62,"Term":"aviation","LastUpdated":"2022-08-02T00:02:05.590581+05:30"},{"Score":0.6,"Term":"administration","LastUpdated":"2022-08-02T00:02:05.590585+05:30"},{"Score":0.57,"Term":"iv","LastUpdated":"2022-08-02T00:02:05.5905731+05:30"},{"Score":0.56,"Term":"shubham","LastUpdated":"2022-08-02T00:02:05.5905762+05:30"},{"Score":0.54,"Term":"arora","LastUpdated":"2022-08-02T00:02:05.5905754+05:30"},{"Score":0.52,"Term":"address","LastUpdated":"2022-08-02T00:02:05.5905744+05:30"},{"Score":0.51,"Term":"abc","LastUpdated":"2022-08-02T00:02:05.5905835+05:30"},{"Score":0.5,"Term":"colony","LastUpdated":"2022-08-02T00:02:05.5905806+05:30"},{"Score":0.47,"Term":"nationality","LastUpdated":"2022-08-02T00:02:05.5905759+05:30"},{"Score":0.44,"Term":"iva","LastUpdated":"2022-08-02T00:02:05.5905854+05:30"},{"Score":0.42,"Term":"septmber","LastUpdated":"2022-08-02T00:02:05.5905719+05:30"},{"Score":0.39,"Term":"ix","LastUpdated":"2022-08-02T00:02:05.5905767+05:30"},{"Score":0.36,"Term":"proper","LastUpdated":"2022-08-02T00:02:05.5905797+05:30"},{"Score":0.3,"Term":"ertificat","LastUpdated":"2022-08-02T00:02:05.5905735+05:30"},{"Score":0.25,"Term":"issue","LastUpdated":"2022-08-02T00:02:05.5905838+05:30"},{"Score":0.24,"Term":"sex","LastUpdated":"2022-08-02T00:02:05.5905776+05:30"},{"Score":0.23,"Term":"height","LastUpdated":"2022-08-02T00:02:05.5905827+05:30"},{"Score":0.22,"Term":"weight","LastUpdated":"2022-08-02T00:02:05.5905842+05:30"},{"Score":0.21,"Term":"hair","LastUpdated":"2022-08-02T00:02:05.5905793+05:30"},{"Score":0.2,"Term":"fy","LastUpdated":"2022-08-02T00:02:05.5905846+05:30"},{"Score":0.17,"Term":"exercise","LastUpdated":"2022-08-02T00:02:05.5905822+05:30"},{"Score":0.16,"Term":"ithe","LastUpdated":"2022-08-02T00:02:05.5905802+05:30"},{"Score":0.15,"Term":"privileges","LastUpdated":"2022-08-02T00:02:05.5905818+05:30"},{"Score":0.1,"Term":"dec","LastUpdated":"2022-08-02T00:02:05.5905831+05:30"}]}],"TotalDocumentLength":362,"PageCount":1,"FirstPageVector":{"VectorId":"PilotLicense.Licemse.License_Details.FirstPage","DocumentCount":1,"TermsWithScores":[{"Score":0.74,"Term":"united","LastUpdated":"2022-08-02T00:02:05.5728771+05:30"},{"Score":0.71,"Term":"america","LastUpdated":"2022-08-02T00:02:05.5728776+05:30"},{"Score":0.7,"Term":"xi","LastUpdated":"2022-08-02T00:02:05.5728782+05:30"},{"Score":0.69,"Term":"department","LastUpdated":"2022-08-02T00:02:05.5728719+05:30"},{"Score":0.66,"Term":"usa","LastUpdated":"2022-08-02T00:02:05.5728673+05:30"},{"Score":0.66,"Term":"transportation","LastUpdated":"2022-08-02T00:02:05.5728814+05:30"},{"Score":0.63,"Term":"federal","LastUpdated":"2022-08-02T00:02:05.5728694+05:30"},{"Score":0.62,"Term":"aviation","LastUpdated":"2022-08-02T00:02:05.5728809+05:30"},{"Score":0.6,"Term":"administration","LastUpdated":"2022-08-02T00:02:05.5728852+05:30"},{"Score":0.57,"Term":"iv","LastUpdated":"2022-08-02T00:02:05.5728658+05:30"},{"Score":0.56,"Term":"shubham","LastUpdated":"2022-08-02T00:02:05.5728708+05:30"},{"Score":0.54,"Term":"arora","LastUpdated":"2022-08-02T00:02:05.5728699+05:30"},{"Score":0.52,"Term":"address","LastUpdated":"2022-08-02T00:02:05.5728678+05:30"},{"Score":0.51,"Term":"abc","LastUpdated":"2022-08-02T00:02:05.5728835+05:30"},{"Score":0.5,"Term":"colony","LastUpdated":"2022-08-02T00:02:05.5728806+05:30"},{"Score":0.47,"Term":"nationality","LastUpdated":"2022-08-02T00:02:05.5728703+05:30"},{"Score":0.44,"Term":"iva","LastUpdated":"2022-08-02T00:02:05.5728856+05:30"},{"Score":0.42,"Term":"septmber","LastUpdated":"2022-08-02T00:02:05.5728474+05:30"},{"Score":0.39,"Term":"ix","LastUpdated":"2022-08-02T00:02:05.5728715+05:30"},{"Score":0.36,"Term":"proper","LastUpdated":"2022-08-02T00:02:05.5728792+05:30"},{"Score":0.3,"Term":"ertificat","LastUpdated":"2022-08-02T00:02:05.5728665+05:30"},{"Score":0.25,"Term":"issue","LastUpdated":"2022-08-02T00:02:05.572884+05:30"},{"Score":0.24,"Term":"sex","LastUpdated":"2022-08-02T00:02:05.5728762+05:30"},{"Score":0.23,"Term":"height","LastUpdated":"2022-08-02T00:02:05.5728826+05:30"},{"Score":0.22,"Term":"weight","LastUpdated":"2022-08-02T00:02:05.5728844+05:30"},{"Score":0.21,"Term":"hair","LastUpdated":"2022-08-02T00:02:05.5728786+05:30"},{"Score":0.2,"Term":"fy","LastUpdated":"2022-08-02T00:02:05.5728847+05:30"},{"Score":0.17,"Term":"exercise","LastUpdated":"2022-08-02T00:02:05.5728823+05:30"},{"Score":0.16,"Term":"ithe","LastUpdated":"2022-08-02T00:02:05.5728798+05:30"},{"Score":0.15,"Term":"privileges","LastUpdated":"2022-08-02T00:02:05.5728818+05:30"},{"Score":0.1,"Term":"dec","LastUpdated":"2022-08-02T00:02:05.5728831+05:30"}]},"ParentVectorId":null,"VectorId":"PilotLicense.Licemse.License_Details","DocumentCount":1,"TermsWithScores":[{"Score":0.74,"Term":"united","LastUpdated":"2022-08-02T00:02:05.5897224+05:30"},{"Score":0.71,"Term":"america","LastUpdated":"2022-08-02T00:02:05.5897229+05:30"},{"Score":0.7,"Term":"xi","LastUpdated":"2022-08-02T00:02:05.5897232+05:30"},{"Score":0.69,"Term":"department","LastUpdated":"2022-08-02T00:02:05.5897215+05:30"},{"Score":0.66,"Term":"usa","LastUpdated":"2022-08-02T00:02:05.5897184+05:30"},{"Score":0.66,"Term":"transportation","LastUpdated":"2022-08-02T00:02:05.5897285+05:30"},{"Score":0.63,"Term":"federal","LastUpdated":"2022-08-02T00:02:05.5897194+05:30"},{"Score":0.62,"Term":"aviation","LastUpdated":"2022-08-02T00:02:05.5897253+05:30"},{"Score":0.6,"Term":"administration","LastUpdated":"2022-08-02T00:02:05.5897318+05:30"},{"Score":0.57,"Term":"iv","LastUpdated":"2022-08-02T00:02:05.5897176+05:30"},{"Score":0.56,"Term":"shubham","LastUpdated":"2022-08-02T00:02:05.5897206+05:30"},{"Score":0.54,"Term":"arora","LastUpdated":"2022-08-02T00:02:05.5897198+05:30"},{"Score":0.52,"Term":"address","LastUpdated":"2022-08-02T00:02:05.5897188+05:30"},{"Score":0.51,"Term":"abc","LastUpdated":"2022-08-02T00:02:05.5897303+05:30"},{"Score":0.5,"Term":"colony","LastUpdated":"2022-08-02T00:02:05.5897249+05:30"},{"Score":0.47,"Term":"nationality","LastUpdated":"2022-08-02T00:02:05.5897202+05:30"},{"Score":0.44,"Term":"iva","LastUpdated":"2022-08-02T00:02:05.5897322+05:30"},{"Score":0.42,"Term":"septmber","LastUpdated":"2022-08-02T00:02:05.5897149+05:30"},{"Score":0.39,"Term":"ix","LastUpdated":"2022-08-02T00:02:05.5897212+05:30"},{"Score":0.36,"Term":"proper","LastUpdated":"2022-08-02T00:02:05.5897241+05:30"},{"Score":0.3,"Term":"ertificat","LastUpdated":"2022-08-02T00:02:05.589718+05:30"},{"Score":0.25,"Term":"issue","LastUpdated":"2022-08-02T00:02:05.5897307+05:30"},{"Score":0.24,"Term":"sex","LastUpdated":"2022-08-02T00:02:05.589722+05:30"},{"Score":0.23,"Term":"height","LastUpdated":"2022-08-02T00:02:05.5897297+05:30"},{"Score":0.22,"Term":"weight","LastUpdated":"2022-08-02T00:02:05.5897311+05:30"},{"Score":0.21,"Term":"hair","LastUpdated":"2022-08-02T00:02:05.5897237+05:30"},{"Score":0.2,"Term":"fy","LastUpdated":"2022-08-02T00:02:05.5897314+05:30"},{"Score":0.17,"Term":"exercise","LastUpdated":"2022-08-02T00:02:05.5897292+05:30"},{"Score":0.16,"Term":"ithe","LastUpdated":"2022-08-02T00:02:05.5897246+05:30"},{"Score":0.15,"Term":"privileges","LastUpdated":"2022-08-02T00:02:05.5897289+05:30"},{"Score":0.1,"Term":"dec","LastUpdated":"2022-08-02T00:02:05.58973+05:30"}]}]
