[{"DocumentKeywordVectors":[{"TotalDocumentLength":1117,"PageCount":1,"FirstPageVector":{"VectorId":"NoGroup.NoCategory.Passport_1.FirstPage","DocumentCount":1,"TermsWithScores":[{"Score":0.72,"Term":"unitedstates","LastUpdated":"2022-07-27T00:12:34.1430517+05:30"},{"Score":0.7,"Term":"fornt","LastUpdated":"2022-07-27T00:12:34.1430505+05:30"},{"Score":0.7,"Term":"perfect","LastUpdated":"2022-07-27T00:12:34.1430552+05:30"},{"Score":0.69,"Term":"establish","LastUpdated":"2022-07-27T00:12:34.1430513+05:30"},{"Score":0.69,"Term":"union","LastUpdated":"2022-07-27T00:12:34.1430621+05:30"},{"Score":0.68,"Term":"justice","LastUpdated":"2022-07-27T00:12:34.1430547+05:30"},{"Score":0.67,"Term":"insure","LastUpdated":"2022-07-27T00:12:34.1430503+05:30"},{"Score":0.67,"Term":"tranquility","LastUpdated":"2022-07-27T00:12:34.1430592+05:30"},{"Score":0.67,"Term":"domestic","LastUpdated":"2022-07-27T00:12:34.1430603+05:30"},{"Score":0.66,"Term":"provide","LastUpdated":"2022-07-27T00:12:34.1430519+05:30"},{"Score":0.66,"Term":"signature","LastUpdated":"2022-07-27T00:12:34.143053+05:30"},{"Score":0.65,"Term":"common","LastUpdated":"2022-07-27T00:12:34.1430523+05:30"},{"Score":0.64,"Term":"defence","LastUpdated":"2022-07-27T00:12:34.1430583+05:30"},{"Score":0.64,"Term":"promote","LastUpdated":"2022-07-27T00:12:34.143059+05:30"},{"Score":0.63,"Term":"welfare","LastUpdated":"2022-07-27T00:12:34.1430521+05:30"},{"Score":0.62,"Term":"secure","LastUpdated":"2022-07-27T00:12:34.1430625+05:30"},{"Score":0.61,"Term":"blessingofltheny","LastUpdated":"2022-07-27T00:12:34.1430484+05:30"},{"Score":0.61,"Term":"fecha","LastUpdated":"2022-07-27T00:12:34.1430562+05:30"},{"Score":0.59,"Term":"ordain","LastUpdated":"2022-07-27T00:12:34.1430587+05:30"},{"Score":0.54,"Term":"united","LastUpdated":"2022-07-27T00:12:34.1430581+05:30"},{"Score":0.52,"Term":"bearer","LastUpdated":"2022-07-27T00:12:34.1430509+05:30"},{"Score":0.51,"Term":"du","LastUpdated":"2022-07-27T00:12:34.1430497+05:30"},{"Score":0.51,"Term":"naissance","LastUpdated":"2022-07-27T00:12:34.1430608+05:30"},{"Score":0.5,"Term":"titulaire","LastUpdated":"2022-07-27T00:12:34.1430545+05:30"},{"Score":0.5,"Term":"firma","LastUpdated":"2022-07-27T00:12:34.1430569+05:30"},{"Score":0.49,"Term":"nacimiento","LastUpdated":"2022-07-27T00:12:34.1430533+05:30"},{"Score":0.49,"Term":"del","LastUpdated":"2022-07-27T00:12:34.1430537+05:30"},{"Score":0.49,"Term":"titular","LastUpdated":"2022-07-27T00:12:34.1430558+05:30"},{"Score":0.49,"Term":"igios","LastUpdated":"2022-07-27T00:12:34.1430606+05:30"},{"Score":0.48,"Term":"usa","LastUpdated":"2022-07-27T00:12:34.1430556+05:30"},{"Score":0.47,"Term":"surname","LastUpdated":"2022-07-27T00:12:34.14306+05:30"},{"Score":0.46,"Term":"nom","LastUpdated":"2022-07-27T00:12:34.1430495+05:30"},{"Score":0.46,"Term":"apellidos","LastUpdated":"2022-07-27T00:12:34.143056+05:30"},{"Score":0.45,"Term":"traveler","LastUpdated":"2022-07-27T00:12:34.1430576+05:30"},{"Score":0.45,"Term":"names","LastUpdated":"2022-07-27T00:12:34.1430604+05:30"},{"Score":0.44,"Term":"prenoms","LastUpdated":"2022-07-27T00:12:34.1430549+05:30"},{"Score":0.43,"Term":"happy","LastUpdated":"2022-07-27T00:12:34.1430598+05:30"},{"Score":0.42,"Term":"nationality","LastUpdated":"2022-07-27T00:12:34.1430579+05:30"},{"Score":0.41,"Term":"natignallte","LastUpdated":"2022-07-27T00:12:34.1430572+05:30"},{"Score":0.41,"Term":"nacionalida","LastUpdated":"2022-07-27T00:12:34.1430611+05:30"},{"Score":0.39,"Term":"amer","LastUpdated":"2022-07-27T00:12:34.1430574+05:30"},{"Score":0.39,"Term":"aug","LastUpdated":"2022-07-27T00:12:34.1430617+05:30"},{"Score":0.35,"Term":"jul","LastUpdated":"2022-07-27T00:12:34.1430507+05:30"},{"Score":0.34,"Term":"birth","LastUpdated":"2022-07-27T00:12:34.1430564+05:30"},{"Score":0.33,"Term":"lieu","LastUpdated":"2022-07-27T00:12:34.143063+05:30"},{"Score":0.32,"Term":"lugar","LastUpdated":"2022-07-27T00:12:34.1430528+05:30"},{"Score":0.31,"Term":"washington","LastUpdated":"2022-07-27T00:12:34.1430515+05:30"},{"Score":0.29,"Term":"issue","LastUpdated":"2022-07-27T00:12:34.1430525+05:30"},{"Score":0.28,"Term":"delivrance","LastUpdated":"2022-07-27T00:12:34.1430627+05:30"},{"Score":0.25,"Term":"sex","LastUpdated":"2022-07-27T00:12:34.1430615+05:30"},{"Score":0.24,"Term":"authority","LastUpdated":"2022-07-27T00:12:34.1430535+05:30"},{"Score":0.23,"Term":"autorite","LastUpdated":"2022-07-27T00:12:34.1430596+05:30"},{"Score":0.23,"Term":"autoridad","LastUpdated":"2022-07-27T00:12:34.1430623+05:30"},{"Score":0.21,"Term":"expiration","LastUpdated":"2022-07-27T00:12:34.1430594+05:30"},{"Score":0.18,"Term":"caducidad","LastUpdated":"2022-07-27T00:12:34.14305+05:30"},{"Score":0.18,"Term":"ep","LastUpdated":"2022-07-27T00:12:34.1430566+05:30"},{"Score":0.17,"Term":"book","LastUpdated":"2022-07-27T00:12:34.1430492+05:30"},{"Score":0.17,"Term":"exemplar","LastUpdated":"2022-07-27T00:12:34.1430613+05:30"},{"Score":0.16,"Term":"endorsements","LastUpdated":"2022-07-27T00:12:34.1430632+05:30"},{"Score":0.15,"Term":"mentions","LastUpdated":"2022-07-27T00:12:34.1430585+05:30"},{"Score":0.14,"Term":"speciales","LastUpdated":"2022-07-27T00:12:34.1430554+05:30"},{"Score":0.11,"Term":"ave","LastUpdated":"2022-07-27T00:12:34.1430619+05:30"}]},"ParentVectorId":"NoGroup.NoCategory.Passport","VectorId":"NoGroup.NoCategory.Passport_1","DocumentCount":1,"TermsWithScores":[{"Score":0.72,"Term":"unitedstates","LastUpdated":"2022-07-27T00:12:34.1432473+05:30"},{"Score":0.7,"Term":"fornt","LastUpdated":"2022-07-27T00:12:34.1432462+05:30"},{"Score":0.7,"Term":"perfect","LastUpdated":"2022-07-27T00:12:34.1432507+05:30"},{"Score":0.69,"Term":"establish","LastUpdated":"2022-07-27T00:12:34.1432469+05:30"},{"Score":0.69,"Term":"union","LastUpdated":"2022-07-27T00:12:34.1432575+05:30"},{"Score":0.68,"Term":"justice","LastUpdated":"2022-07-27T00:12:34.1432502+05:30"},{"Score":0.67,"Term":"insure","LastUpdated":"2022-07-27T00:12:34.143246+05:30"},{"Score":0.67,"Term":"tranquility","LastUpdated":"2022-07-27T00:12:34.1432546+05:30"},{"Score":0.67,"Term":"domestic","LastUpdated":"2022-07-27T00:12:34.1432557+05:30"},{"Score":0.66,"Term":"provide","LastUpdated":"2022-07-27T00:12:34.143248+05:30"},{"Score":0.66,"Term":"signature","LastUpdated":"2022-07-27T00:12:34.1432492+05:30"},{"Score":0.65,"Term":"common","LastUpdated":"2022-07-27T00:12:34.1432484+05:30"},{"Score":0.64,"Term":"defence","LastUpdated":"2022-07-27T00:12:34.1432537+05:30"},{"Score":0.64,"Term":"promote","LastUpdated":"2022-07-27T00:12:34.1432544+05:30"},{"Score":0.63,"Term":"welfare","LastUpdated":"2022-07-27T00:12:34.1432482+05:30"},{"Score":0.62,"Term":"secure","LastUpdated":"2022-07-27T00:12:34.1432579+05:30"},{"Score":0.61,"Term":"blessingofltheny","LastUpdated":"2022-07-27T00:12:34.1432446+05:30"},{"Score":0.61,"Term":"fecha","LastUpdated":"2022-07-27T00:12:34.1432518+05:30"},{"Score":0.59,"Term":"ordain","LastUpdated":"2022-07-27T00:12:34.1432541+05:30"},{"Score":0.54,"Term":"united","LastUpdated":"2022-07-27T00:12:34.1432535+05:30"},{"Score":0.52,"Term":"bearer","LastUpdated":"2022-07-27T00:12:34.1432466+05:30"},{"Score":0.51,"Term":"du","LastUpdated":"2022-07-27T00:12:34.1432455+05:30"},{"Score":0.51,"Term":"naissance","LastUpdated":"2022-07-27T00:12:34.1432562+05:30"},{"Score":0.5,"Term":"titulaire","LastUpdated":"2022-07-27T00:12:34.14325+05:30"},{"Score":0.5,"Term":"firma","LastUpdated":"2022-07-27T00:12:34.1432524+05:30"},{"Score":0.49,"Term":"nacimiento","LastUpdated":"2022-07-27T00:12:34.1432494+05:30"},{"Score":0.49,"Term":"del","LastUpdated":"2022-07-27T00:12:34.1432498+05:30"},{"Score":0.49,"Term":"titular","LastUpdated":"2022-07-27T00:12:34.1432513+05:30"},{"Score":0.49,"Term":"igios","LastUpdated":"2022-07-27T00:12:34.1432561+05:30"},{"Score":0.48,"Term":"usa","LastUpdated":"2022-07-27T00:12:34.1432511+05:30"},{"Score":0.47,"Term":"surname","LastUpdated":"2022-07-27T00:12:34.1432554+05:30"},{"Score":0.46,"Term":"nom","LastUpdated":"2022-07-27T00:12:34.1432453+05:30"},{"Score":0.46,"Term":"apellidos","LastUpdated":"2022-07-27T00:12:34.1432515+05:30"},{"Score":0.45,"Term":"traveler","LastUpdated":"2022-07-27T00:12:34.1432531+05:30"},{"Score":0.45,"Term":"names","LastUpdated":"2022-07-27T00:12:34.1432558+05:30"},{"Score":0.44,"Term":"prenoms","LastUpdated":"2022-07-27T00:12:34.1432505+05:30"},{"Score":0.43,"Term":"happy","LastUpdated":"2022-07-27T00:12:34.1432552+05:30"},{"Score":0.42,"Term":"nationality","LastUpdated":"2022-07-27T00:12:34.1432533+05:30"},{"Score":0.41,"Term":"natignallte","LastUpdated":"2022-07-27T00:12:34.1432527+05:30"},{"Score":0.41,"Term":"nacionalida","LastUpdated":"2022-07-27T00:12:34.1432564+05:30"},{"Score":0.39,"Term":"amer","LastUpdated":"2022-07-27T00:12:34.1432529+05:30"},{"Score":0.39,"Term":"aug","LastUpdated":"2022-07-27T00:12:34.143257+05:30"},{"Score":0.35,"Term":"jul","LastUpdated":"2022-07-27T00:12:34.1432464+05:30"},{"Score":0.34,"Term":"birth","LastUpdated":"2022-07-27T00:12:34.143252+05:30"},{"Score":0.33,"Term":"lieu","LastUpdated":"2022-07-27T00:12:34.1432583+05:30"},{"Score":0.32,"Term":"lugar","LastUpdated":"2022-07-27T00:12:34.1432489+05:30"},{"Score":0.31,"Term":"washington","LastUpdated":"2022-07-27T00:12:34.1432471+05:30"},{"Score":0.29,"Term":"issue","LastUpdated":"2022-07-27T00:12:34.1432487+05:30"},{"Score":0.28,"Term":"delivrance","LastUpdated":"2022-07-27T00:12:34.1432581+05:30"},{"Score":0.25,"Term":"sex","LastUpdated":"2022-07-27T00:12:34.1432568+05:30"},{"Score":0.24,"Term":"authority","LastUpdated":"2022-07-27T00:12:34.1432496+05:30"},{"Score":0.23,"Term":"autorite","LastUpdated":"2022-07-27T00:12:34.143255+05:30"},{"Score":0.23,"Term":"autoridad","LastUpdated":"2022-07-27T00:12:34.1432577+05:30"},{"Score":0.21,"Term":"expiration","LastUpdated":"2022-07-27T00:12:34.1432548+05:30"},{"Score":0.18,"Term":"caducidad","LastUpdated":"2022-07-27T00:12:34.1432457+05:30"},{"Score":0.18,"Term":"ep","LastUpdated":"2022-07-27T00:12:34.1432522+05:30"},{"Score":0.17,"Term":"book","LastUpdated":"2022-07-27T00:12:34.1432451+05:30"},{"Score":0.17,"Term":"exemplar","LastUpdated":"2022-07-27T00:12:34.1432566+05:30"},{"Score":0.16,"Term":"endorsements","LastUpdated":"2022-07-27T00:12:34.1432585+05:30"},{"Score":0.15,"Term":"mentions","LastUpdated":"2022-07-27T00:12:34.1432539+05:30"},{"Score":0.14,"Term":"speciales","LastUpdated":"2022-07-27T00:12:34.1432509+05:30"},{"Score":0.11,"Term":"ave","LastUpdated":"2022-07-27T00:12:34.1432573+05:30"}]}],"TotalDocumentLength":1117,"PageCount":1,"FirstPageVector":{"VectorId":"NoGroup.NoCategory.Passport.FirstPage","DocumentCount":1,"TermsWithScores":[{"Score":0.72,"Term":"unitedstates","LastUpdated":"2022-07-27T00:12:34.1264733+05:30"},{"Score":0.7,"Term":"fornt","LastUpdated":"2022-07-27T00:12:34.1264699+05:30"},{"Score":0.7,"Term":"perfect","LastUpdated":"2022-07-27T00:12:34.1264804+05:30"},{"Score":0.69,"Term":"establish","LastUpdated":"2022-07-27T00:12:34.1264719+05:30"},{"Score":0.69,"Term":"union","LastUpdated":"2022-07-27T00:12:34.1264972+05:30"},{"Score":0.68,"Term":"justice","LastUpdated":"2022-07-27T00:12:34.1264791+05:30"},{"Score":0.67,"Term":"insure","LastUpdated":"2022-07-27T00:12:34.1264693+05:30"},{"Score":0.67,"Term":"tranquility","LastUpdated":"2022-07-27T00:12:34.1264885+05:30"},{"Score":0.67,"Term":"domestic","LastUpdated":"2022-07-27T00:12:34.1264933+05:30"},{"Score":0.66,"Term":"provide","LastUpdated":"2022-07-27T00:12:34.1264738+05:30"},{"Score":0.66,"Term":"signature","LastUpdated":"2022-07-27T00:12:34.1264763+05:30"},{"Score":0.65,"Term":"common","LastUpdated":"2022-07-27T00:12:34.1264747+05:30"},{"Score":0.64,"Term":"defence","LastUpdated":"2022-07-27T00:12:34.1264867+05:30"},{"Score":0.64,"Term":"promote","LastUpdated":"2022-07-27T00:12:34.1264881+05:30"},{"Score":0.63,"Term":"welfare","LastUpdated":"2022-07-27T00:12:34.1264742+05:30"},{"Score":0.62,"Term":"secure","LastUpdated":"2022-07-27T00:12:34.1264981+05:30"},{"Score":0.61,"Term":"blessingofltheny","LastUpdated":"2022-07-27T00:12:34.126451+05:30"},{"Score":0.61,"Term":"fecha","LastUpdated":"2022-07-27T00:12:34.1264829+05:30"},{"Score":0.59,"Term":"ordain","LastUpdated":"2022-07-27T00:12:34.1264876+05:30"},{"Score":0.54,"Term":"united","LastUpdated":"2022-07-27T00:12:34.1264863+05:30"},{"Score":0.52,"Term":"bearer","LastUpdated":"2022-07-27T00:12:34.1264712+05:30"},{"Score":0.51,"Term":"du","LastUpdated":"2022-07-27T00:12:34.1264677+05:30"},{"Score":0.51,"Term":"naissance","LastUpdated":"2022-07-27T00:12:34.1264947+05:30"},{"Score":0.5,"Term":"titulaire","LastUpdated":"2022-07-27T00:12:34.1264785+05:30"},{"Score":0.5,"Term":"firma","LastUpdated":"2022-07-27T00:12:34.1264842+05:30"},{"Score":0.49,"Term":"nacimiento","LastUpdated":"2022-07-27T00:12:34.1264772+05:30"},{"Score":0.49,"Term":"del","LastUpdated":"2022-07-27T00:12:34.1264781+05:30"},{"Score":0.49,"Term":"titular","LastUpdated":"2022-07-27T00:12:34.126482+05:30"},{"Score":0.49,"Term":"igios","LastUpdated":"2022-07-27T00:12:34.1264942+05:30"},{"Score":0.48,"Term":"usa","LastUpdated":"2022-07-27T00:12:34.1264816+05:30"},{"Score":0.47,"Term":"surname","LastUpdated":"2022-07-27T00:12:34.12649+05:30"},{"Score":0.46,"Term":"nom","LastUpdated":"2022-07-27T00:12:34.1264669+05:30"},{"Score":0.46,"Term":"apellidos","LastUpdated":"2022-07-27T00:12:34.1264824+05:30"},{"Score":0.45,"Term":"traveler","LastUpdated":"2022-07-27T00:12:34.1264855+05:30"},{"Score":0.45,"Term":"names","LastUpdated":"2022-07-27T00:12:34.1264938+05:30"},{"Score":0.44,"Term":"prenoms","LastUpdated":"2022-07-27T00:12:34.1264796+05:30"},{"Score":0.43,"Term":"happy","LastUpdated":"2022-07-27T00:12:34.1264896+05:30"},{"Score":0.42,"Term":"nationality","LastUpdated":"2022-07-27T00:12:34.1264859+05:30"},{"Score":0.41,"Term":"natignallte","LastUpdated":"2022-07-27T00:12:34.1264847+05:30"},{"Score":0.41,"Term":"nacionalida","LastUpdated":"2022-07-27T00:12:34.1264952+05:30"},{"Score":0.39,"Term":"amer","LastUpdated":"2022-07-27T00:12:34.1264851+05:30"},{"Score":0.39,"Term":"aug","LastUpdated":"2022-07-27T00:12:34.1264964+05:30"},{"Score":0.35,"Term":"jul","LastUpdated":"2022-07-27T00:12:34.1264704+05:30"},{"Score":0.34,"Term":"birth","LastUpdated":"2022-07-27T00:12:34.1264833+05:30"},{"Score":0.33,"Term":"lieu","LastUpdated":"2022-07-27T00:12:34.1264993+05:30"},{"Score":0.32,"Term":"lugar","LastUpdated":"2022-07-27T00:12:34.1264757+05:30"},{"Score":0.31,"Term":"washington","LastUpdated":"2022-07-27T00:12:34.1264724+05:30"},{"Score":0.29,"Term":"issue","LastUpdated":"2022-07-27T00:12:34.1264751+05:30"},{"Score":0.28,"Term":"delivrance","LastUpdated":"2022-07-27T00:12:34.1264988+05:30"},{"Score":0.25,"Term":"sex","LastUpdated":"2022-07-27T00:12:34.126496+05:30"},{"Score":0.24,"Term":"authority","LastUpdated":"2022-07-27T00:12:34.1264777+05:30"},{"Score":0.23,"Term":"autorite","LastUpdated":"2022-07-27T00:12:34.1264892+05:30"},{"Score":0.23,"Term":"autoridad","LastUpdated":"2022-07-27T00:12:34.1264977+05:30"},{"Score":0.21,"Term":"expiration","LastUpdated":"2022-07-27T00:12:34.1264889+05:30"},{"Score":0.18,"Term":"caducidad","LastUpdated":"2022-07-27T00:12:34.1264682+05:30"},{"Score":0.18,"Term":"ep","LastUpdated":"2022-07-27T00:12:34.1264837+05:30"},{"Score":0.17,"Term":"book","LastUpdated":"2022-07-27T00:12:34.1264662+05:30"},{"Score":0.17,"Term":"exemplar","LastUpdated":"2022-07-27T00:12:34.1264955+05:30"},{"Score":0.16,"Term":"endorsements","LastUpdated":"2022-07-27T00:12:34.1264997+05:30"},{"Score":0.15,"Term":"mentions","LastUpdated":"2022-07-27T00:12:34.1264871+05:30"},{"Score":0.14,"Term":"speciales","LastUpdated":"2022-07-27T00:12:34.1264811+05:30"},{"Score":0.11,"Term":"ave","LastUpdated":"2022-07-27T00:12:34.1264968+05:30"}]},"ParentVectorId":null,"VectorId":"NoGroup.NoCategory.Passport","DocumentCount":1,"TermsWithScores":[{"Score":0.72,"Term":"unitedstates","LastUpdated":"2022-07-27T00:12:34.1427064+05:30"},{"Score":0.7,"Term":"fornt","LastUpdated":"2022-07-27T00:12:34.142705+05:30"},{"Score":0.7,"Term":"perfect","LastUpdated":"2022-07-27T00:12:34.1427092+05:30"},{"Score":0.69,"Term":"establish","LastUpdated":"2022-07-27T00:12:34.1427059+05:30"},{"Score":0.69,"Term":"union","LastUpdated":"2022-07-27T00:12:34.1427171+05:30"},{"Score":0.68,"Term":"justice","LastUpdated":"2022-07-27T00:12:34.1427088+05:30"},{"Score":0.67,"Term":"insure","LastUpdated":"2022-07-27T00:12:34.1427049+05:30"},{"Score":0.67,"Term":"tranquility","LastUpdated":"2022-07-27T00:12:34.1427141+05:30"},{"Score":0.67,"Term":"domestic","LastUpdated":"2022-07-27T00:12:34.1427152+05:30"},{"Score":0.66,"Term":"provide","LastUpdated":"2022-07-27T00:12:34.1427066+05:30"},{"Score":0.66,"Term":"signature","LastUpdated":"2022-07-27T00:12:34.1427077+05:30"},{"Score":0.65,"Term":"common","LastUpdated":"2022-07-27T00:12:34.142707+05:30"},{"Score":0.64,"Term":"defence","LastUpdated":"2022-07-27T00:12:34.1427132+05:30"},{"Score":0.64,"Term":"promote","LastUpdated":"2022-07-27T00:12:34.1427139+05:30"},{"Score":0.63,"Term":"welfare","LastUpdated":"2022-07-27T00:12:34.1427068+05:30"},{"Score":0.62,"Term":"secure","LastUpdated":"2022-07-27T00:12:34.1427175+05:30"},{"Score":0.61,"Term":"blessingofltheny","LastUpdated":"2022-07-27T00:12:34.1427006+05:30"},{"Score":0.61,"Term":"fecha","LastUpdated":"2022-07-27T00:12:34.1427103+05:30"},{"Score":0.59,"Term":"ordain","LastUpdated":"2022-07-27T00:12:34.1427137+05:30"},{"Score":0.54,"Term":"united","LastUpdated":"2022-07-27T00:12:34.142713+05:30"},{"Score":0.52,"Term":"bearer","LastUpdated":"2022-07-27T00:12:34.1427055+05:30"},{"Score":0.51,"Term":"du","LastUpdated":"2022-07-27T00:12:34.1427042+05:30"},{"Score":0.51,"Term":"naissance","LastUpdated":"2022-07-27T00:12:34.1427158+05:30"},{"Score":0.5,"Term":"titulaire","LastUpdated":"2022-07-27T00:12:34.1427086+05:30"},{"Score":0.5,"Term":"firma","LastUpdated":"2022-07-27T00:12:34.1427119+05:30"},{"Score":0.49,"Term":"nacimiento","LastUpdated":"2022-07-27T00:12:34.1427079+05:30"},{"Score":0.49,"Term":"del","LastUpdated":"2022-07-27T00:12:34.1427084+05:30"},{"Score":0.49,"Term":"titular","LastUpdated":"2022-07-27T00:12:34.1427098+05:30"},{"Score":0.49,"Term":"igios","LastUpdated":"2022-07-27T00:12:34.1427156+05:30"},{"Score":0.48,"Term":"usa","LastUpdated":"2022-07-27T00:12:34.1427096+05:30"},{"Score":0.47,"Term":"surname","LastUpdated":"2022-07-27T00:12:34.1427149+05:30"},{"Score":0.46,"Term":"nom","LastUpdated":"2022-07-27T00:12:34.1427039+05:30"},{"Score":0.46,"Term":"apellidos","LastUpdated":"2022-07-27T00:12:34.14271+05:30"},{"Score":0.45,"Term":"traveler","LastUpdated":"2022-07-27T00:12:34.1427126+05:30"},{"Score":0.45,"Term":"names","LastUpdated":"2022-07-27T00:12:34.1427154+05:30"},{"Score":0.44,"Term":"prenoms","LastUpdated":"2022-07-27T00:12:34.142709+05:30"},{"Score":0.43,"Term":"happy","LastUpdated":"2022-07-27T00:12:34.1427148+05:30"},{"Score":0.42,"Term":"nationality","LastUpdated":"2022-07-27T00:12:34.1427128+05:30"},{"Score":0.41,"Term":"natignallte","LastUpdated":"2022-07-27T00:12:34.1427122+05:30"},{"Score":0.41,"Term":"nacionalida","LastUpdated":"2022-07-27T00:12:34.142716+05:30"},{"Score":0.39,"Term":"amer","LastUpdated":"2022-07-27T00:12:34.1427124+05:30"},{"Score":0.39,"Term":"aug","LastUpdated":"2022-07-27T00:12:34.1427166+05:30"},{"Score":0.35,"Term":"jul","LastUpdated":"2022-07-27T00:12:34.1427053+05:30"},{"Score":0.34,"Term":"birth","LastUpdated":"2022-07-27T00:12:34.1427113+05:30"},{"Score":0.33,"Term":"lieu","LastUpdated":"2022-07-27T00:12:34.142718+05:30"},{"Score":0.32,"Term":"lugar","LastUpdated":"2022-07-27T00:12:34.1427074+05:30"},{"Score":0.31,"Term":"washington","LastUpdated":"2022-07-27T00:12:34.1427061+05:30"},{"Score":0.29,"Term":"issue","LastUpdated":"2022-07-27T00:12:34.1427073+05:30"},{"Score":0.28,"Term":"delivrance","LastUpdated":"2022-07-27T00:12:34.1427177+05:30"},{"Score":0.25,"Term":"sex","LastUpdated":"2022-07-27T00:12:34.1427164+05:30"},{"Score":0.24,"Term":"authority","LastUpdated":"2022-07-27T00:12:34.1427082+05:30"},{"Score":0.23,"Term":"autorite","LastUpdated":"2022-07-27T00:12:34.1427146+05:30"},{"Score":0.23,"Term":"autoridad","LastUpdated":"2022-07-27T00:12:34.1427173+05:30"},{"Score":0.21,"Term":"expiration","LastUpdated":"2022-07-27T00:12:34.1427144+05:30"},{"Score":0.18,"Term":"caducidad","LastUpdated":"2022-07-27T00:12:34.1427045+05:30"},{"Score":0.18,"Term":"ep","LastUpdated":"2022-07-27T00:12:34.1427117+05:30"},{"Score":0.17,"Term":"book","LastUpdated":"2022-07-27T00:12:34.1427036+05:30"},{"Score":0.17,"Term":"exemplar","LastUpdated":"2022-07-27T00:12:34.1427162+05:30"},{"Score":0.16,"Term":"endorsements","LastUpdated":"2022-07-27T00:12:34.1427182+05:30"},{"Score":0.15,"Term":"mentions","LastUpdated":"2022-07-27T00:12:34.1427135+05:30"},{"Score":0.14,"Term":"speciales","LastUpdated":"2022-07-27T00:12:34.1427094+05:30"},{"Score":0.11,"Term":"ave","LastUpdated":"2022-07-27T00:12:34.1427169+05:30"}]}]
